date,cash,positions_mtm,total_value,num_open_positions
2025-12-01,100000.0,0.0,100000.0,0
2025-12-02,100000.0,0.0,100000.0,0
2025-12-03,100000.0,0.0,100000.0,0
2025-12-04,100000.0,0.0,100000.0,0
2025-12-05,100000.0,0.0,100000.0,0
2025-12-08,100000.0,0.0,100000.0,0
2025-12-09,100000.0,0.0,100000.0,0
2025-12-10,100000.0,0.0,100000.0,0
2025-12-11,100000.0,0.0,100000.0,0
2025-12-12,100000.0,0.0,100000.0,0
2025-12-15,100000.0,0.0,100000.0,0
2025-12-16,100000.0,0.0,100000.0,0
2025-12-17,100000.0,0.0,100000.0,0
2025-12-18,100000.0,0.0,100000.0,0
2025-12-19,100000.0,0.0,100000.0,0
2025-12-22,100000.0,0.0,100000.0,0
2025-12-23,100000.0,0.0,100000.0,0
2025-12-24,100000.0,0.0,100000.0,0
2025-12-26,100000.0,0.0,100000.0,0
2025-12-29,100000.0,0.0,100000.0,0
2025-12-30,100000.0,0.0,100000.0,0
2025-12-31,100000.0,0.0,100000.0,0
2026-01-02,100000.0,0.0,100000.0,0
2026-01-05,90013.27821337004,9566.688508987427,99579.96672235747,1
2026-01-06,99464.3274389865,0.0,99464.3274389865,0
2026-01-07,89530.11240473032,10198.519836425781,99728.6322411561,1
2026-01-08,99624.26445551157,0.0,99624.26445551157,0
2026-01-09,99624.26445551157,0.0,99624.26445551157,0
2026-01-12,99624.26445551157,0.0,99624.26445551157,0
2026-01-13,99624.26445551157,0.0,99624.26445551157,0
2026-01-14,89664.73655879803,9897.520851135254,99562.25740993329,1
2026-01-15,99477.42656200238,0.0,99477.42656200238,0
2026-01-16,99477.42656200238,0.0,99477.42656200238,0
2026-01-20,99477.42656200238,0.0,99477.42656200238,0
2026-01-21,89537.71457296821,9875.494262695312,99413.20883566352,1
2026-01-22,89377.90281643764,9888.100774765015,99266.00359120265,1
2026-01-23,99542.60490078822,0.0,99542.60490078822,0
2026-01-26,99542.60490078822,0.0,99542.60490078822,0
2026-01-27,99542.60490078822,0.0,99542.60490078822,0
2026-01-28,89599.78567193454,9956.190979003906,99555.97665093845,1
2026-01-29,89412.87933197491,9879.75611114502,99292.63544311993,1
2026-01-30,99335.9695236253,0.0,99335.9695236253,0
2026-02-02,99335.9695236253,0.0,99335.9695236253,0
2026-02-03,89401.75416934484,9974.193756103516,99375.94792544836,1
2026-02-04,89321.25464177756,9779.621913909912,99100.87655568747,1
2026-02-05,99337.99633794455,0.0,99337.99633794455,0
2026-02-06,99337.99633794455,0.0,99337.99633794455,0
2026-02-09,99337.99633794455,0.0,99337.99633794455,0
2026-02-10,99337.99633794455,0.0,99337.99633794455,0
2026-02-11,99337.99633794455,0.0,99337.99633794455,0
2026-02-12,89403.50259102578,10365.687971115112,99769.1905621409,1
2026-02-13,99789.68254250284,0.0,99789.68254250284,0
2026-02-17,89830.61317909873,9796.839082717896,99627.45226181662,1
2026-02-18,99479.20221108115,0.0,99479.20221108115,0
2026-02-19,89548.49165229453,9961.209838867188,99509.70149116172,1
2026-02-20,99366.49905738486,0.0,99366.49905738486,0
2026-02-23,99366.49905738486,0.0,99366.49905738486,0
2026-02-24,89443.75504635551,9706.21460723877,99149.96965359428,1
2026-02-25,88940.63432811687,9594.76863861084,98535.4029667277,1
2026-02-26,98300.23274425456,0.0,98300.23274425456,0
2026-02-27,98300.23274425456,0.0,98300.23274425456,0
2026-03-02,88479.95234551083,9513.016891479492,97992.96923699032,1
2026-03-03,88229.42678606228,9391.534090042114,97620.9608761044,1
2026-03-04,87759.25535974701,9627.559606552124,97386.81496629913,1
2026-03-05,97495.95907869538,0.0,97495.95907869538,0
2026-03-06,97495.95907869538,0.0,97495.95907869538,0
2026-03-09,87751.58626432199,9633.941722869873,97385.52798719186,1
2026-03-10,87724.08108512788,9844.605493545532,97568.68657867341,1
2026-03-11,97741.72882720857,0.0,97741.72882720857,0
2026-03-12,87978.8643775125,9779.313291549683,97758.17766906218,1
2026-03-13,97750.17048102812,0.0,97750.17048102812,0
2026-03-16,87977.50733750807,9758.392593383789,97735.89993089186,1
2026-03-17,87852.92546583925,9736.167497634888,97589.09296347413,1
2026-03-18,88059.20553926186,9955.39393234253,98014.5994716044,1
2026-03-19,98006.52317460733,0.0,98006.52317460733,0
2026-03-20,98006.52317460733,0.0,98006.52317460733,0
2026-03-23,98006.52317460733,0.0,98006.52317460733,0
2026-03-24,98006.52317460733,0.0,98006.52317460733,0
2026-03-25,98006.52317460733,0.0,98006.52317460733,0
2026-03-26,98006.52317460733,0.0,98006.52317460733,0
2026-03-27,98006.52317460733,0.0,98006.52317460733,0
2026-03-30,98006.52317460733,0.0,98006.52317460733,0
2026-03-31,98006.52317460733,0.0,98006.52317460733,0
2026-04-01,98006.52317460733,0.0,98006.52317460733,0
2026-04-02,98006.52317460733,0.0,98006.52317460733,0
2026-04-06,88231.63327134805,9589.25,97820.88327134805,1
2026-04-07,97822.27341645914,0.0,97822.27341645914,0
2026-04-08,97822.27341645914,0.0,97822.27341645914,0
2026-04-09,97822.27341645914,0.0,97822.27341645914,0
2026-04-10,97822.27341645914,0.0,97822.27341645914,0
2026-04-13,88046.56331514078,9342.479797363281,97389.04311250406,1
2026-04-14,87628.18362458903,9638.880157470703,97267.06378205973,1
2026-04-15,97117.63375581462,0.0,97117.63375581462,0
2026-04-16,97117.63375581462,0.0,97117.63375581462,0
2026-04-17,97117.63375581462,0.0,97117.63375581462,0
