date,cash,positions_mtm,total_value,num_open
2025-12-15,100000.0,0.0,100000.0,0
2025-12-16,100000.0,0.0,100000.0,0
2025-12-17,100000.0,0.0,100000.0,0
2025-12-18,100000.0,0.0,100000.0,0
2025-12-19,100000.0,0.0,100000.0,0
2025-12-20,100000.0,0.0,100000.0,0
2025-12-21,100000.0,0.0,100000.0,0
2025-12-22,100000.0,0.0,100000.0,0
2025-12-23,100000.0,0.0,100000.0,0
2025-12-24,100000.0,0.0,100000.0,0
2025-12-25,100000.0,0.0,100000.0,0
2025-12-26,100000.0,0.0,100000.0,0
2025-12-27,100000.0,0.0,100000.0,0
2025-12-28,100000.0,0.0,100000.0,0
2025-12-29,100000.0,0.0,100000.0,0
2025-12-30,100000.0,0.0,100000.0,0
2025-12-31,100000.0,0.0,100000.0,0
2026-01-01,100000.0,0.0,100000.0,0
2026-01-02,100000.0,0.0,100000.0,0
2026-01-03,100000.0,0.0,100000.0,0
2026-01-04,100000.0,0.0,100000.0,0
2026-01-05,90000.00000000001,10000.0,100000.00000000001,3
2026-01-06,90000.00000000001,10153.256704980844,100153.25670498086,3
2026-01-07,81000.00000000001,19076.62835249042,100076.62835249043,6
2026-01-08,81000.00000000001,19038.166814028882,100038.1668140289,6
2026-01-09,81000.00000000001,19095.564397288537,100095.56439728854,6
2026-01-10,81000.00000000001,18942.012967875038,99942.01296787505,6
2026-01-11,81000.00000000001,18942.012967875038,99942.01296787505,6
2026-01-12,81000.00000000001,18903.5514294135,99903.55142941352,6
2026-01-13,81000.00000000001,18903.5514294135,99903.55142941352,6
2026-01-14,72900.00000000001,26850.294724432657,99750.29472443266,7
2026-01-15,72900.00000000001,26251.04115916924,99151.04115916925,7
2026-01-16,72900.00000000001,26253.336701612563,99153.33670161257,7
2026-01-17,72900.00000000001,26030.338271471282,98930.3382714713,7
2026-01-18,65610.00000000001,33171.67265137709,98781.6726513771,10
2026-01-19,65610.00000000001,33265.58383190281,98875.58383190283,10
2026-01-20,65610.00000000001,33818.00232170676,99428.00232170676,10
2026-01-21,59049.000000000015,39997.955077914,99046.95507791401,11
2026-01-22,53144.10000000002,45968.43483705403,99112.53483705406,15
2026-01-23,53144.10000000002,46307.00124992671,99451.10124992672,15
2026-01-24,53144.10000000002,46270.734227644636,99414.83422764466,15
2026-01-25,53144.10000000002,45816.07953888691,98960.17953888694,15
2026-01-26,53144.10000000002,46128.07734426004,99272.17734426007,15
2026-01-27,53144.10000000002,46381.196040028524,99525.29604002854,15
2026-01-28,47829.69000000002,51716.54818402688,99546.2381840269,19
2026-01-29,47829.69000000002,51596.35916677584,99426.04916677586,19
2026-01-30,47829.69000000002,52260.00427991039,100089.69427991041,19
2026-01-31,63448.806666666685,36307.49057975493,99756.29724642161,13
2026-02-01,63448.806666666685,36141.86427798342,99590.6709446501,13
2026-02-02,63448.806666666685,36075.49794637201,99524.3046130387,13
2026-02-03,63448.806666666685,36219.67114629813,99668.47781296482,13
2026-02-04,66935.39670498086,32889.708316404816,99825.10502138568,12
2026-02-05,66935.39670498086,33079.797370005756,100015.19407498662,12
2026-02-06,69646.93516651932,30766.250457469087,100413.18562398841,11
2026-02-07,69646.93516651932,30338.10213008151,99985.03729660083,11
2026-02-08,62682.241649867385,37460.475293874115,100142.7169437415,14
2026-02-09,62682.241649867385,38916.93317654109,101599.17482640847,14
2026-02-10,62682.241649867385,38455.73354261607,101137.97519248346,14
2026-02-11,62682.241649867385,38585.30807811576,101267.54972798315,14
2026-02-12,62682.241649867385,38485.94131775779,101168.18296762518,14
2026-02-13,70782.24164986738,30489.86931690093,101272.11096676832,13
2026-02-14,70782.24164986738,30336.319993997848,101118.56164386524,13
2026-02-15,70782.24164986738,30738.716083786352,101520.95773365373,13
2026-02-16,70782.24164986738,30652.78743380579,101435.02908367317,13
2026-02-17,78724.55586250896,22714.389145361674,101438.94500787064,10
2026-02-18,78724.55586250896,22730.471015483803,101455.02687799276,10
2026-02-19,78724.55586250896,22745.101520191893,101469.65738270085,10
2026-02-20,85860.24199389582,15762.366126508881,101622.60812040471,9
2026-02-21,88995.12228964124,12539.823981563162,101534.9462712044,7
2026-02-22,88995.12228964124,12507.641063251953,101502.76335289319,7
2026-02-23,88995.12228964124,12524.981327959227,101520.10361760046,7
2026-02-24,88995.12228964124,12511.564945825594,101506.68723546683,7
2026-02-25,88995.12228964124,12593.569390218536,101588.69167985977,7
2026-02-26,88995.12228964124,12768.13852708412,101763.26081672535,7
2026-02-27,94848.47003785738,6884.219492630409,101732.68953048778,3
2026-02-28,94848.47003785738,6731.570949190833,101580.04098704821,3
2026-03-01,94848.47003785738,6687.848481993053,101536.31851985044,3
2026-03-02,94848.47003785738,6709.0742146152315,101557.54425247261,3
2026-03-03,94848.47003785738,6793.810326097553,101642.28036395492,3
2026-03-04,94848.47003785738,6754.067683766434,101602.53772162381,3
2026-03-05,94848.47003785738,6434.064620752813,101282.5346586102,3
2026-03-06,94848.47003785738,6285.227010887715,101133.69704874509,3
2026-03-07,94848.47003785738,6257.423843156568,101105.89388101394,3
2026-03-08,94848.47003785738,6266.061216689643,101114.53125454702,3
2026-03-09,94848.47003785738,6001.015604649186,100849.48564250657,3
2026-03-10,91205.67284428819,10133.963649365354,101339.63649365354,4
2026-03-11,91205.67284428819,10051.073423995827,101256.74626828401,4
2026-03-12,91205.67284428819,10796.520919559312,102002.19376384749,4
2026-03-13,91205.67284428819,10624.758823807359,101830.43166809555,4
2026-03-14,91205.67284428819,8044.89214561299,99250.56498990118,4
2026-03-15,91205.67284428819,9805.45362707053,101011.12647135872,4
2026-03-16,82085.10555985937,20446.115458904154,102531.22101876352,5
2026-03-17,82085.10555985937,32165.775594476043,114250.88115433541,5
2026-03-18,82085.10555985937,32149.264328970283,114234.36988882965,5
2026-03-19,82085.10555985937,33162.660693906815,115247.76625376618,5
2026-03-20,82085.10555985937,37403.023455563816,119488.12901542318,5
2026-03-21,82085.10555985937,38995.368863989774,121080.47442384914,5
2026-03-22,82085.10555985937,40605.50003565769,122690.60559551706,5
2026-03-23,82085.10555985937,40626.997992828015,122712.10355268739,5
2026-03-24,82085.10555985937,38935.141349671256,121020.24690953063,5
2026-03-25,82085.10555985937,38272.36122167936,120357.46678153874,5
2026-03-26,82085.10555985937,43107.353436291574,125192.45899615093,5
2026-03-27,82085.10555985937,42797.72176805347,124882.82732791283,5
2026-03-28,82085.10555985937,42293.311883232636,124378.41744309201,5
2026-03-29,82085.10555985937,42303.445846882,124388.55140674138,5
2026-03-30,82085.10555985937,42303.445846882,124388.55140674138,5
2026-03-31,104718.52796332321,19771.363079911807,124489.89104323502,1
2026-04-01,104718.52796332321,19771.363079911807,124489.89104323502,1
2026-04-02,104718.52796332321,19892.97064370419,124611.4986070274,1
2026-04-03,104718.52796332321,19892.97064370419,124611.4986070274,1
2026-04-04,104718.52796332321,19892.97064370419,124611.4986070274,1
2026-04-05,104718.52796332321,19892.97064370419,124611.4986070274,1
2026-04-06,104718.52796332321,19892.97064370419,124611.4986070274,1
2026-04-07,104718.52796332321,19892.97064370419,124611.4986070274,1
2026-04-08,104718.52796332321,19892.97064370419,124611.4986070274,1
2026-04-09,124621.63257067677,0.0,124621.63257067677,0
2026-04-10,124621.63257067677,0.0,124621.63257067677,0
2026-04-11,124621.63257067677,0.0,124621.63257067677,0
2026-04-12,124621.63257067677,0.0,124621.63257067677,0
2026-04-13,124621.63257067677,0.0,124621.63257067677,0
2026-04-14,124621.63257067677,0.0,124621.63257067677,0
2026-04-15,124621.63257067677,0.0,124621.63257067677,0
2026-04-16,124621.63257067677,0.0,124621.63257067677,0
2026-04-17,124621.63257067677,0.0,124621.63257067677,0
2026-04-18,124621.63257067677,0.0,124621.63257067677,0
2026-04-19,124621.63257067677,0.0,124621.63257067677,0
2026-04-20,124621.63257067677,0.0,124621.63257067677,0
2026-04-21,124621.63257067677,0.0,124621.63257067677,0
2026-04-22,124621.63257067677,0.0,124621.63257067677,0
2026-04-23,124621.63257067677,0.0,124621.63257067677,0
2026-04-24,124621.63257067677,0.0,124621.63257067677,0
2026-04-25,124621.63257067677,0.0,124621.63257067677,0
2026-04-26,124621.63257067677,0.0,124621.63257067677,0
2026-04-27,124621.63257067677,0.0,124621.63257067677,0
